City_ID,City,Country,Date,Lat,Lng,Max Temp,Humidity,Cloudiness,Wind Speed
0,Mataura,NZ,2020-02-19 05:56:30,-46.19,168.86,60.01,73,70,10.0
1,Saint-Philippe,RE,2020-02-19 05:56:31,-21.36,55.77,84.2,69,5,24.16
2,Airai,TL,2020-02-19 05:56:31,-8.93,125.41,76.82,81,69,2.98
3,Castro,BR,2020-02-19 05:56:31,-24.79,-50.01,65.62,98,100,0.63
4,Butaritari,KI,2020-02-19 05:56:31,3.07,172.79,84.11,77,17,18.52
5,Albany,US,2020-02-19 05:54:50,42.6,-73.97,39.2,86,90,11.41
6,Hobart,AU,2020-02-19 05:52:07,-42.88,147.33,62.01,47,40,20.8
7,Mugur-Aksy,RU,2020-02-19 05:56:32,50.35,90.5,3.56,68,31,5.88
8,Atuona,PF,2020-02-19 05:56:32,-9.8,-139.03,81.72,81,54,20.8
9,Bethel,US,2020-02-19 05:56:14,41.37,-73.41,43.0,100,90,3.36
10,Tuktoyaktuk,CA,2020-02-19 05:56:33,69.45,-133.04,-2.2,77,75,12.75
11,Chokurdakh,RU,2020-02-19 05:56:33,70.63,147.92,-5.76,97,98,8.66
12,Cabo San Lucas,MX,2020-02-19 05:52:12,22.89,-109.91,69.01,49,0,6.6
13,Punta Arenas,CL,2020-02-19 05:56:33,-53.15,-70.92,46.4,70,75,23.04
14,Urengoy,RU,2020-02-19 05:56:34,65.97,78.37,19.09,94,100,14.72
15,Cidreira,BR,2020-02-19 05:56:34,-30.18,-50.21,76.01,84,99,12.12
16,Victoria,HK,2020-02-19 05:56:34,22.29,114.16,71.01,49,10,9.17
17,Pacifica,US,2020-02-19 05:56:34,37.61,-122.49,53.6,85,1,7.45
18,Gushikawa,JP,2020-02-19 05:56:34,26.35,127.87,68.0,45,75,11.41
19,Sisimiut,GL,2020-02-19 05:56:35,66.94,-53.67,-2.72,99,100,1.05
20,Yellowknife,CA,2020-02-19 05:56:35,62.46,-114.35,-7.01,76,75,14.99
21,Coquimbo,CL,2020-02-19 05:56:35,-29.95,-71.34,59.0,87,0,4.7
22,Vestmannaeyjar,IS,2020-02-19 05:56:35,63.44,-20.27,37.44,48,100,10.27
23,Saldanha,ZA,2020-02-19 05:56:35,-33.01,17.94,64.4,72,0,1.12
24,Torrington,US,2020-02-19 05:56:36,41.8,-73.12,39.99,86,90,11.79
25,Rocha,UY,2020-02-19 05:56:26,-34.48,-54.33,63.81,87,75,6.44
26,Murmashi,RU,2020-02-19 05:56:36,68.82,32.81,8.6,92,75,2.24
27,Ribeira Grande,PT,2020-02-19 05:56:36,38.52,-28.7,57.16,88,55,11.14
28,Hermanus,ZA,2020-02-19 05:56:36,-34.42,19.23,70.0,77,1,19.84
29,Vaini,TO,2020-02-19 05:56:37,-21.2,-175.2,78.8,78,40,8.05
30,Puerto Ayora,EC,2020-02-19 05:56:37,-0.74,-90.35,77.09,88,2,7.38
31,Longyearbyen,SJ,2020-02-19 05:56:37,78.22,15.64,5.0,60,40,18.34
32,Bluff,NZ,2020-02-19 05:56:37,-46.6,168.33,60.01,73,9,10.0
33,Nuuk,GL,2020-02-19 05:56:37,64.18,-51.72,12.2,61,100,10.29
34,Busselton,AU,2020-02-19 05:56:37,-33.65,115.33,93.0,14,28,14.72
35,Mackenzie,CA,2020-02-19 05:56:38,55.3,-123.17,5.0,84,1,2.24
36,Ushuaia,AR,2020-02-19 05:56:38,-54.8,-68.3,46.4,81,75,28.86
37,Cherskiy,RU,2020-02-19 05:56:38,68.75,161.3,-25.11,98,93,5.97
38,Katghora,IN,2020-02-19 05:56:38,22.5,82.55,85.59,11,0,3.65
39,Kindu,CD,2020-02-19 05:56:38,-2.95,25.95,73.33,96,92,1.86
40,Arraial Do Cabo,BR,2020-02-19 05:52:34,-22.97,-42.03,77.45,86,48,27.11
41,Sangmelima,CM,2020-02-19 05:56:39,2.93,11.98,69.03,93,80,1.21
42,Bilibino,RU,2020-02-19 05:56:39,68.05,166.44,-32.17,100,9,0.96
43,Pitimbu,BR,2020-02-19 05:56:39,-7.47,-34.81,77.0,94,73,3.36
44,Nikolskoye,RU,2020-02-19 05:56:40,59.7,30.79,39.2,80,90,8.95
45,Bathsheba,BB,2020-02-19 05:56:40,13.22,-59.52,77.0,83,75,17.22
46,Novyy Urengoy,RU,2020-02-19 05:56:40,66.08,76.63,23.99,95,97,11.77
47,Muroto,JP,2020-02-19 05:56:40,33.28,134.15,51.8,50,20,5.82
48,Rikitea,PF,2020-02-19 05:56:40,-23.12,-134.97,78.85,78,1,14.81
49,Iqaluit,CA,2020-02-19 05:56:41,63.75,-68.51,-31.0,59,5,4.7
50,Haapiti,PF,2020-02-19 05:56:41,-17.57,-149.87,84.2,70,40,8.05
51,Avarua,CK,2020-02-19 05:56:41,-21.21,-159.78,80.6,83,100,8.05
52,Mandera,KE,2020-02-19 05:56:41,3.94,41.87,81.91,55,0,5.95
53,Veraval,IN,2020-02-19 05:56:41,20.9,70.37,90.36,22,6,8.86
54,Sao Felix Do Xingu,BR,2020-02-19 05:56:42,-6.64,-51.99,71.78,98,100,1.9
55,Saskylakh,RU,2020-02-19 05:56:42,71.92,114.08,-8.05,83,0,8.16
56,North Bend,US,2020-02-19 05:56:42,43.41,-124.22,44.01,93,1,6.44
57,Hithadhoo,MV,2020-02-19 05:56:42,-0.6,73.08,83.34,78,9,13.09
58,Sampit,ID,2020-02-19 05:53:49,-2.53,112.95,92.17,48,69,4.45
59,Lazo,RU,2020-02-19 05:56:43,43.38,133.9,19.33,80,79,7.14
60,Sangar,RU,2020-02-19 05:56:43,63.92,127.47,-15.29,94,66,1.97
61,Luderitz,NA,2020-02-19 05:56:43,-26.65,15.16,63.34,96,70,10.78
62,Salalah,OM,2020-02-19 05:56:43,17.02,54.09,75.2,64,20,3.36
63,Shahrud,IR,2020-02-19 05:56:44,36.42,54.98,35.91,70,66,4.16
64,Faanui,PF,2020-02-19 05:56:44,-16.48,-151.75,82.74,77,100,14.43
65,Bulaevo,KZ,2020-02-19 05:56:44,54.91,70.44,31.15,92,100,16.44
66,Barrow,US,2020-02-19 05:56:44,71.29,-156.79,-2.2,77,90,16.11
67,Kimbe,PG,2020-02-19 05:56:44,-5.55,150.14,80.94,83,96,5.66
68,Rio Gallegos,AR,2020-02-19 05:54:39,-51.62,-69.22,48.2,63,98,34.45
69,Port Alfred,ZA,2020-02-19 05:56:45,-33.59,26.89,74.35,77,11,20.13
70,Evensk,RU,2020-02-19 05:56:45,61.95,159.23,-7.91,70,2,10.94
71,Kununurra,AU,2020-02-19 05:56:45,-15.77,128.73,96.8,44,73,8.05
72,Muriwai Beach,NZ,2020-02-19 05:56:46,-36.82,174.45,78.01,73,11,13.87
73,Grindavik,IS,2020-02-19 05:56:21,63.84,-22.43,28.4,79,75,5.82
74,Kodiak,US,2020-02-19 05:56:46,57.79,-152.41,33.8,64,1,11.41
75,Carnarvon,AU,2020-02-19 05:56:46,-24.87,113.63,84.2,70,100,16.11
76,Karasburg,NA,2020-02-19 05:56:46,-28.02,18.75,80.35,55,14,11.74
77,Bengkulu,ID,2020-02-19 05:55:27,-3.8,102.27,83.44,80,15,4.7
78,Jamestown,US,2020-02-19 05:55:18,42.1,-79.24,33.01,80,90,4.7
79,Talnakh,RU,2020-02-19 05:56:47,69.49,88.4,10.4,85,20,35.79
80,Imbituba,BR,2020-02-19 05:56:47,-28.24,-48.67,82.4,83,97,5.82
81,East London,ZA,2020-02-19 05:54:57,-33.02,27.91,68.0,94,84,5.82
82,Pevek,RU,2020-02-19 05:56:48,69.7,170.31,-25.58,100,89,1.32
83,Provideniya,RU,2020-02-19 05:56:49,64.38,-173.3,6.8,77,40,17.9
84,Torbay,CA,2020-02-19 05:56:49,47.67,-52.73,16.0,72,75,6.93
85,Codrington,AU,2020-02-19 05:56:50,-38.27,141.97,59.18,76,47,21.07
86,Clyde River,CA,2020-02-19 05:56:50,70.47,-68.59,-23.8,74,20,6.93
87,Leh,IN,2020-02-19 05:56:50,34.17,77.58,10.17,60,78,2.8
88,Flin Flon,CA,2020-02-19 05:56:50,54.77,-101.86,-14.37,94,0,5.7
89,Ilulissat,GL,2020-02-19 05:56:51,69.22,-51.1,3.2,71,100,6.93
90,Derzhavinsk,KZ,2020-02-19 05:56:51,51.1,66.32,24.06,92,100,27.38
91,Winnemucca,US,2020-02-19 05:56:51,40.97,-117.74,26.6,42,1,5.82
92,Sfantu Gheorghe,RO,2020-02-19 05:56:52,45.87,25.78,39.99,82,93,1.99
93,Padang,ID,2020-02-19 05:56:52,-0.95,100.35,82.17,66,32,1.21
94,Ganzhou,CN,2020-02-19 05:56:52,28.82,115.43,56.46,54,36,5.26
95,Grande Prairie,CA,2020-02-19 05:56:53,55.17,-118.8,-4.0,76,20,4.7
96,Kitimat,CA,2020-02-19 05:56:53,54.05,-128.65,28.4,92,5,3.36
97,Grand Gaube,MU,2020-02-19 05:56:53,-20.01,57.66,82.99,65,20,9.17
98,Nyakahanga,TZ,2020-02-19 05:56:54,-1.6,31.14,71.42,72,53,2.28
99,Portland,US,2020-02-19 05:56:31,45.52,-122.68,46.4,45,1,14.99
100,Fortuna,US,2020-02-19 05:56:54,40.6,-124.16,39.99,93,1,1.86
101,Tasiilaq,GL,2020-02-19 05:56:54,65.61,-37.64,21.2,85,100,28.86
102,Naze,JP,2020-02-19 05:56:55,28.37,129.48,62.6,48,75,1.12
103,Turukhansk,RU,2020-02-19 05:56:55,65.82,87.98,13.21,89,100,16.6
104,Klaksvik,FO,2020-02-19 05:56:56,62.23,-6.59,37.4,93,95,3.36
105,Esperance,AU,2020-02-19 05:56:56,-33.87,121.9,80.6,34,100,8.05
106,Georgetown,MY,2020-02-19 05:52:00,5.41,100.34,89.6,66,20,3.36
107,Hibbing,US,2020-02-19 05:56:57,47.43,-92.94,-4.0,70,1,8.05
108,Mackay,AU,2020-02-19 05:56:57,-21.15,149.2,89.6,66,34,10.29
109,Tuatapere,NZ,2020-02-19 05:56:57,-46.13,167.68,60.01,73,86,10.0
110,Sharlyk,RU,2020-02-19 05:56:57,52.92,54.75,29.46,94,100,21.56
111,Christchurch,NZ,2020-02-19 05:56:33,-43.53,172.63,68.0,72,14,9.17
112,Tiksi,RU,2020-02-19 05:56:58,71.69,128.87,-4.13,87,100,7.74
113,San Pedro,PH,2020-02-19 05:52:14,14.35,121.02,87.8,48,20,12.75
114,Inhambane,MZ,2020-02-19 05:56:59,-23.86,35.38,80.6,88,40,4.7
115,Koygorodok,RU,2020-02-19 05:56:59,60.45,51.0,33.55,95,100,9.13
116,Rodeo,US,2020-02-19 05:56:59,38.03,-122.27,53.6,81,0,5.64
117,Qaanaaq,GL,2020-02-19 05:56:59,77.48,-69.36,-13.72,66,61,6.62
118,Oranjemund,NA,2020-02-19 05:57:00,-28.55,16.43,65.55,80,1,2.98
119,Behshahr,IR,2020-02-19 05:57:00,36.69,53.55,41.0,93,40,4.7
120,Valparaiso,CL,2020-02-19 05:57:00,-33.04,-71.63,53.6,87,0,2.13
121,Alofi,NU,2020-02-19 05:57:01,-19.06,-169.92,80.6,74,23,8.05
122,Kirakira,SB,2020-02-19 05:57:01,-10.45,161.92,81.43,82,67,6.93
123,Sumbe,AO,2020-02-19 05:57:01,-11.21,13.84,78.01,87,97,0.69
124,Shanghai,CN,2020-02-19 05:57:01,31.22,121.46,55.0,46,42,8.95
125,Kapaa,US,2020-02-19 05:52:48,22.08,-159.32,75.2,78,75,23.04
126,Hilo,US,2020-02-19 05:57:02,19.73,-155.09,75.2,60,90,5.82
127,Upernavik,GL,2020-02-19 05:57:02,72.79,-56.15,-11.34,96,96,6.73
128,Cape Town,ZA,2020-02-19 05:57:02,-33.93,18.42,70.0,82,0,8.05
129,Amantea,IT,2020-02-19 05:57:03,39.13,16.07,55.4,76,75,10.29
130,Ostrovnoy,RU,2020-02-19 05:56:05,68.05,39.51,15.01,97,100,3.85
131,Okhotsk,RU,2020-02-19 05:52:48,59.38,143.3,1.36,81,9,6.4
132,Nampula,MZ,2020-02-19 05:55:15,-15.12,39.27,78.8,83,40,2.24
133,Ribas Do Rio Pardo,BR,2020-02-19 05:57:04,-20.44,-53.76,73.69,86,100,2.77
134,Tabou,CI,2020-02-19 05:57:04,4.42,-7.35,75.67,94,0,1.79
135,Aripuana,BR,2020-02-19 05:57:04,-9.17,-60.63,74.25,97,100,0.56
136,La Roche-Sur-Yon,FR,2020-02-19 05:57:05,46.67,-1.43,50.0,93,75,11.41
137,Sao Miguel Do Araguaia,BR,2020-02-19 05:57:05,-13.28,-50.16,73.51,92,100,3.91
138,Dikson,RU,2020-02-19 05:57:05,73.51,80.55,15.58,89,98,36.33
139,Khatanga,RU,2020-02-19 05:57:05,71.97,102.5,-6.93,90,3,4.79
140,Merauke,ID,2020-02-19 05:57:06,-8.47,140.33,89.35,62,48,9.4
141,Mahebourg,MU,2020-02-19 05:57:06,-20.41,57.7,82.99,65,20,9.17
142,Santa Maria,BR,2020-02-19 05:57:07,-29.68,-53.81,66.79,96,58,2.66
143,Tsimlyansk,RU,2020-02-19 05:56:50,47.65,42.1,35.6,85,0,4.36
144,Coihaique,CL,2020-02-19 05:57:07,-45.58,-72.07,46.4,75,75,1.12
145,Sobolevo,RU,2020-02-19 05:57:07,54.43,31.9,34.81,87,66,12.03
146,Port Lincoln,AU,2020-02-19 05:57:07,-34.73,135.87,63.91,57,58,13.62
147,Beaver Dam,US,2020-02-19 05:55:36,43.46,-88.84,17.6,66,1,5.82
148,Southbridge,US,2020-02-19 05:57:08,42.08,-72.03,37.99,93,90,14.99
149,Atyrau,KZ,2020-02-19 05:56:43,47.12,51.88,35.6,64,0,17.9
150,Namatanai,PG,2020-02-19 05:57:08,-3.67,152.43,79.88,82,100,7.02
151,Troy,US,2020-02-19 05:56:16,42.61,-83.15,30.2,79,1,11.41
152,New Castle,US,2020-02-19 05:54:38,41.0,-80.35,34.0,80,75,5.82
153,Bambous Virieux,MU,2020-02-19 05:57:10,-20.34,57.76,82.99,65,20,9.17
154,Sao Joao Da Barra,BR,2020-02-19 05:57:10,-21.64,-41.05,75.79,88,0,12.95
155,Usinsk,RU,2020-02-19 05:57:10,65.99,57.53,32.99,98,100,13.44
156,Ugoofaaru,MV,2020-02-19 05:57:11,5.67,73.0,81.45,75,7,16.73
157,Leningradskiy,RU,2020-02-19 05:57:11,69.38,178.42,-19.08,93,60,13.8
158,Matara,LK,2020-02-19 05:57:11,5.95,80.54,89.55,37,1,5.66
159,Solnechnyy,RU,2020-02-19 05:57:11,50.72,136.63,9.3,93,98,4.27
160,Kaitangata,NZ,2020-02-19 05:57:12,-46.28,169.85,54.91,82,61,13.0
161,Lompoc,US,2020-02-19 05:57:12,34.64,-120.46,52.0,93,90,6.93
162,Palmer,US,2020-02-19 05:57:12,42.16,-72.33,37.99,96,90,2.86
163,Batagay-Alyta,RU,2020-02-19 05:57:12,67.8,130.41,-8.39,82,66,4.85
164,Kiruna,SE,2020-02-19 05:57:12,67.86,20.23,12.2,85,49,6.93
165,Kruisfontein,ZA,2020-02-19 05:57:14,-34.0,24.73,69.24,76,3,6.85
166,New Norfolk,AU,2020-02-19 05:57:15,-42.78,147.06,62.01,47,40,20.8
167,Rorvik,NO,2020-02-19 05:57:15,64.86,11.24,28.4,92,56,2.24
168,Turayf,SA,2020-02-19 05:57:15,31.67,38.66,46.4,100,75,8.05
169,Ponta Do Sol,PT,2020-02-19 05:57:16,32.67,-17.1,60.8,63,75,18.34
170,Mar Del Plata,AR,2020-02-19 05:56:59,-38.0,-57.56,57.99,100,0,4.7
171,Dingle,PH,2020-02-19 05:57:16,11.0,122.67,78.19,78,78,18.75
172,Bredasdorp,ZA,2020-02-19 05:57:16,-34.53,20.04,69.8,77,92,10.29
173,Thompson,CA,2020-02-19 05:57:17,55.74,-97.86,-11.2,69,5,10.29
174,Rassvet,RU,2020-02-19 05:57:17,46.83,40.75,38.77,65,0,3.71
175,Mehamn,NO,2020-02-19 05:55:02,71.04,27.85,23.0,79,75,18.34
176,Dwarka,IN,2020-02-19 05:57:17,22.24,68.97,75.45,64,62,5.75
177,Waingapu,ID,2020-02-19 05:55:18,-9.66,120.26,84.42,77,100,18.19
178,Saint-Pierre,RE,2020-02-19 05:57:18,-21.34,55.48,84.2,69,0,24.16
179,Taksimo,RU,2020-02-19 05:57:18,56.34,114.88,6.51,82,13,2.84
180,Saint George,US,2020-02-19 05:57:18,37.1,-113.58,44.6,58,1,4.7
181,Quelimane,MZ,2020-02-19 05:57:19,-17.88,36.89,80.6,88,40,6.93
182,Kulhudhuffushi,MV,2020-02-19 05:57:19,6.62,73.07,81.95,69,13,12.97
183,Bossangoa,CF,2020-02-19 05:57:19,6.49,17.46,69.24,25,83,0.51
184,Farafangana,MG,2020-02-19 05:57:20,-22.82,47.83,79.86,72,100,12.15
185,Chegutu,ZW,2020-02-19 05:57:20,-18.13,30.14,70.39,79,23,5.06
186,Magadi,IN,2020-02-19 05:57:20,12.97,77.23,81.0,54,20,5.82
187,Boa Viagem,BR,2020-02-19 05:57:21,-5.13,-39.73,72.93,94,91,3.09
188,Myaundzha,RU,2020-02-19 05:57:21,63.05,147.19,-9.67,89,100,3.33
189,Nanortalik,GL,2020-02-19 05:57:21,60.14,-45.24,21.16,59,67,42.81
190,Kuytun,RU,2020-02-19 05:57:22,54.34,101.5,16.5,91,100,2.01
191,Port Augusta,AU,2020-02-19 05:57:23,-32.5,137.77,75.99,49,0,19.46
192,Bonthe,SL,2020-02-19 05:57:23,7.53,-12.51,75.85,92,9,5.39
193,The Valley,AI,2020-02-19 05:52:33,18.22,-63.06,77.0,73,40,10.29
194,Tura,IN,2020-02-19 05:57:23,25.52,90.22,84.47,24,0,4.54
195,Kavaratti,IN,2020-02-19 05:57:24,10.57,72.64,84.2,74,20,4.7
196,Challakere,IN,2020-02-19 05:57:24,14.32,76.65,84.16,28,41,9.62
197,Port Elizabeth,ZA,2020-02-19 05:57:24,-33.92,25.57,66.2,93,43,10.29
198,Caledon,ZA,2020-02-19 05:57:25,-34.23,19.43,70.0,77,1,6.11
199,Umm Kaddadah,SD,2020-02-19 05:57:25,13.6,26.69,66.83,27,0,16.82
200,San Joaquin,VE,2020-02-19 05:57:25,10.26,-67.79,75.83,91,57,14.25
201,Dancheng,CN,2020-02-19 05:57:25,33.63,115.18,56.95,37,100,7.11
202,Kavieng,PG,2020-02-19 05:57:26,-2.57,150.8,83.73,75,61,10.25
203,Souillac,MU,2020-02-19 05:57:26,-20.52,57.52,82.99,65,20,9.17
204,Bud,US,2020-02-19 05:53:27,39.45,-86.18,30.99,79,1,3.36
205,Ketchikan,US,2020-02-19 05:55:53,55.34,-131.65,39.2,80,90,17.22
206,Baiyin,CN,2020-02-19 05:53:29,36.56,104.21,51.01,16,8,8.95
207,Pocone,BR,2020-02-19 05:57:27,-16.26,-56.62,75.92,91,79,2.17
208,Guerrero Negro,MX,2020-02-19 05:57:27,27.98,-114.06,60.3,83,100,11.97
209,Hambantota,LK,2020-02-19 05:57:27,6.12,81.12,86.0,62,20,6.93
210,Tiznit,MA,2020-02-19 05:57:28,29.58,-9.5,58.12,29,65,2.71
211,Korla,CN,2020-02-19 05:57:28,41.76,86.15,23.94,30,83,3.58
212,Porto Novo,BJ,2020-02-19 05:52:57,6.5,2.6,82.4,88,40,5.19
213,Husavik,IS,2020-02-19 05:55:29,66.04,-17.34,24.8,92,73,5.82
214,Dossor,KZ,2020-02-19 05:57:29,47.53,52.98,36.41,43,0,19.37
215,Fairbanks,US,2020-02-19 05:54:52,64.84,-147.72,21.99,85,90,2.82
216,Dalaba,GN,2020-02-19 05:57:29,10.7,-12.25,60.03,45,0,1.68
217,Tromso,NO,2020-02-19 05:57:29,69.65,18.96,21.2,73,20,11.41
218,Chapleau,CA,2020-02-19 05:57:30,47.84,-83.4,3.2,95,100,6.82
219,Talaya,RU,2020-02-19 05:57:30,61.38,152.75,-17.59,98,100,1.54
220,Namibe,AO,2020-02-19 05:57:30,-15.2,12.15,74.7,69,97,8.37
221,Waspan,NI,2020-02-19 05:57:30,14.74,-83.97,72.64,96,17,3.2
222,Geraldton,AU,2020-02-19 05:57:31,-28.77,114.6,91.4,33,100,18.34
223,Yagodnoye,RU,2020-02-19 05:57:31,62.55,149.67,-6.5,97,100,2.13
224,Sao Filipe,CV,2020-02-19 05:57:31,14.9,-24.5,77.65,44,96,17.18
225,Honiara,SB,2020-02-19 05:57:31,-9.43,159.95,91.4,63,75,13.87
226,Saint Anthony,US,2020-02-19 05:57:32,45.02,-93.22,8.6,55,1,11.41
227,Dunedin,NZ,2020-02-19 05:56:45,-45.87,170.5,59.0,77,96,3.0
228,Kapoeta,SS,2020-02-19 05:57:32,4.77,33.59,90.01,37,22,20.42
229,Balkanabat,TM,2020-02-19 05:57:33,39.51,54.37,43.45,42,36,22.01
230,Maragogi,BR,2020-02-19 05:57:33,-9.01,-35.22,80.96,74,41,12.33
231,Matamoros,MX,2020-02-19 05:57:33,25.53,-103.25,69.01,37,36,17.45
232,Volosovo,RU,2020-02-19 05:57:33,59.43,29.48,39.2,80,90,8.95
233,Zambezi,ZM,2020-02-19 05:56:00,-13.54,23.1,68.74,93,96,2.19
234,Mount Gambier,AU,2020-02-19 05:54:39,-37.83,140.77,62.6,59,90,19.46
235,Moron,AR,2020-02-19 05:57:34,-34.65,-58.62,69.8,93,0,3.36
236,Lebu,CL,2020-02-19 05:53:57,-37.62,-73.65,54.63,87,0,6.49
237,Impfondo,CG,2020-02-19 05:57:34,1.64,18.07,72.25,79,100,0.6
238,Sandviken,SE,2020-02-19 05:57:35,60.62,16.77,33.01,81,0,4.0
239,Touros,BR,2020-02-19 05:57:35,-5.2,-35.46,77.0,94,40,3.36
240,Beringovskiy,RU,2020-02-19 05:57:35,63.05,179.32,-10.79,82,90,15.55
241,San Cristobal,VE,2020-02-19 05:57:35,7.77,-72.22,82.4,58,20,4.7
242,Goderich,CA,2020-02-19 05:57:36,43.75,-81.72,30.99,71,97,3.0
243,San Rafael,AR,2020-02-19 05:57:36,-34.62,-68.33,67.75,36,0,7.72
244,Cockburn Town,TC,2020-02-19 05:57:36,21.46,-71.14,78.01,80,3,26.04
245,Aksay,RU,2020-02-19 05:57:36,47.26,39.87,19.99,92,20,4.47
246,Maniitsoq,GL,2020-02-19 05:57:37,65.42,-52.9,8.8,88,100,12.55
247,Mirnyy,RU,2020-02-19 05:57:28,62.54,113.96,6.8,77,21,8.95
248,Salinopolis,BR,2020-02-19 05:57:37,-0.61,-47.36,80.51,82,100,19.26
249,Severo-Kurilsk,RU,2020-02-19 05:57:38,50.68,156.12,17.46,87,100,7.14
250,Curuguaty,PY,2020-02-19 05:57:38,-24.47,-55.69,73.29,97,92,1.21
251,Roma,US,2020-02-19 05:57:38,43.21,-75.46,37.4,64,90,13.87
252,Norman Wells,CA,2020-02-19 05:57:38,65.28,-126.83,-2.2,70,40,8.05
253,Rong Kwang,TH,2020-02-19 05:57:38,18.34,100.32,89.6,33,0,2.24
254,Vila Franca Do Campo,PT,2020-02-19 05:57:39,37.72,-25.43,57.2,100,75,10.29
255,Wanning,CN,2020-02-19 05:53:23,18.8,110.4,69.76,84,100,10.38
256,San Carlos,VE,2020-02-19 05:57:39,9.66,-68.58,75.09,79,47,1.99
257,Fontenay-Le-Comte,FR,2020-02-19 05:57:39,46.58,-1.0,50.0,93,75,11.41
258,Asau,RO,2020-02-19 05:57:40,46.43,26.4,43.0,81,90,2.24
259,Bagotville,AU,2020-02-19 05:57:40,-28.98,153.42,96.01,62,0,16.11
260,Kurunegala,LK,2020-02-19 05:57:40,7.49,80.36,87.8,52,74,8.05
261,Mulege,MX,2020-02-19 05:57:41,26.88,-111.98,64.74,57,100,1.95
262,Ponta Delgada,PT,2020-02-19 05:55:55,37.73,-25.67,57.2,100,75,10.29
263,Araouane,ML,2020-02-19 05:57:41,18.9,-3.53,67.59,17,0,10.09
264,Abha,SA,2020-02-19 05:54:56,18.22,42.51,68.0,39,15,11.41
265,Fort Nelson,CA,2020-02-19 05:53:37,58.81,-122.7,3.2,84,5,2.24
266,Chanute,US,2020-02-19 05:57:42,37.68,-95.46,33.8,79,1,4.7
267,High Level,CA,2020-02-19 05:54:16,58.52,-117.14,-11.2,83,40,3.89
268,Calabar,NG,2020-02-19 05:57:42,4.95,8.32,76.62,91,71,2.21
269,Gayny,RU,2020-02-19 05:57:42,60.31,54.32,33.22,97,96,10.65
270,Olathe,US,2020-02-19 05:56:21,38.88,-94.82,33.8,86,1,4.97
271,Acarau,BR,2020-02-19 05:57:43,-2.89,-40.12,75.07,93,100,2.44
272,San Patricio,MX,2020-02-19 05:57:43,19.22,-104.7,74.93,76,0,2.71
273,Mahibadhoo,MV,2020-02-19 05:57:43,3.78,72.97,81.63,75,31,19.33
274,Afua,BR,2020-02-19 05:57:43,-0.16,-50.39,76.66,87,100,10.02
275,Komsomolskiy,UZ,2020-02-19 05:57:44,40.43,71.72,35.6,59,75,2.24
276,Mao,ES,2020-02-19 05:57:44,39.89,4.27,46.4,87,20,3.36
277,Iralaya,HN,2020-02-19 05:57:44,15.0,-83.23,81.37,76,15,19.22
278,Srednekolymsk,RU,2020-02-19 05:57:44,67.45,153.68,-16.11,100,84,4.09
279,Hasaki,JP,2020-02-19 05:57:44,35.73,140.83,55.0,40,75,2.24
280,Kinsale,IE,2020-02-19 05:57:44,51.71,-8.53,44.01,93,75,6.93
281,Kutum,SD,2020-02-19 05:57:45,14.2,24.67,63.36,29,31,4.79
282,Xam Nua,LA,2020-02-19 05:57:45,20.42,104.04,74.75,41,9,2.93
283,Nouakchott,MR,2020-02-19 05:57:45,18.09,-15.98,68.0,16,60,6.93
284,Port-Gentil,GA,2020-02-19 05:57:46,-0.72,8.78,80.6,94,40,5.46
285,Plettenberg Bay,ZA,2020-02-19 05:57:46,-34.05,23.37,71.91,72,0,2.48
286,Ambulu,ID,2020-02-19 05:57:46,-8.35,113.61,83.82,70,100,10.31
287,Faya,SA,2020-02-19 05:57:47,18.39,42.45,68.0,39,0,11.41
288,Teya,RU,2020-02-19 05:57:47,60.38,92.63,15.44,85,95,11.9
289,Druskininkai,LT,2020-02-19 05:57:48,54.02,23.97,37.4,74,89,8.95
290,Ancud,CL,2020-02-19 05:54:26,-41.87,-73.82,46.4,87,4,5.82
291,Neiafu,TO,2020-02-19 05:57:48,-18.65,-173.98,82.4,69,20,4.7
292,Deputatskiy,RU,2020-02-19 05:57:49,69.3,139.9,-12.95,93,85,3.69
293,Narsaq,GL,2020-02-19 05:57:49,60.92,-46.05,10.4,55,70,4.7
294,Fare,PF,2020-02-19 05:57:49,-16.7,-151.02,82.63,75,100,13.4
295,Chifeng,CN,2020-02-19 05:57:50,42.27,118.96,28.67,51,0,5.53
296,Lagoa,PT,2020-02-19 05:57:50,39.05,-27.98,61.21,80,56,16.51
297,Celestun,MX,2020-02-19 05:57:50,20.87,-90.4,78.53,76,1,17.49
298,Margate,GB,2020-02-19 05:57:51,51.38,1.39,39.0,73,0,10.29
299,Tahe,CN,2020-02-19 05:57:51,52.33,124.73,11.84,71,28,12.53
300,Yining,CN,2020-02-19 05:57:51,29.04,114.56,60.87,42,69,3.0
301,Huilong,CN,2020-02-19 05:57:51,31.81,121.66,55.0,46,50,1.01
302,Marfino,RU,2020-02-19 05:57:52,55.7,37.38,39.0,93,75,11.18
303,Pali,IN,2020-02-19 05:57:52,25.77,73.33,84.33,10,64,8.66
304,Yaan,NG,2020-02-19 05:57:52,7.38,8.57,73.78,34,58,5.41
305,Aksu,CN,2020-02-19 05:53:11,41.12,80.26,39.87,29,24,3.44
306,Basiad,PH,2020-02-19 05:57:53,14.16,122.34,78.76,68,42,15.84
307,Khorixas,NA,2020-02-19 05:57:53,-20.37,14.97,70.45,27,96,1.07
308,Vao,NC,2020-02-19 05:57:53,-22.67,167.48,79.41,75,6,12.59
309,Kifri,IQ,2020-02-19 05:57:54,34.7,44.97,63.75,51,100,21.83
310,Carutapera,BR,2020-02-19 05:57:54,-1.2,-46.02,80.65,84,100,18.79
311,Tiarei,PF,2020-02-19 05:54:29,-17.53,-149.33,84.2,70,40,8.05
312,Byron Bay,AU,2020-02-19 05:55:35,-28.65,153.62,96.01,74,21,20.8
313,Shenkursk,RU,2020-02-19 05:57:55,62.11,42.9,34.59,96,94,10.47
314,Karoi,ZW,2020-02-19 05:57:55,-16.81,29.69,68.77,79,4,11.61
315,Port Hardy,CA,2020-02-19 05:52:57,50.7,-127.42,33.8,86,5,5.82
316,Macamic,CA,2020-02-19 05:57:55,48.75,-79.0,10.4,78,90,11.41
317,Ambilobe,MG,2020-02-19 05:57:56,-13.2,49.05,83.84,81,58,1.81
318,Belmonte,BR,2020-02-19 05:57:56,-15.86,-38.88,78.8,83,40,6.93
319,Lavrentiya,RU,2020-02-19 05:57:56,65.58,-171.0,-4.7,81,100,6.85
320,Shingu,JP,2020-02-19 05:57:56,33.73,135.98,51.8,50,40,11.41
321,Sabang,ID,2020-02-19 05:57:57,5.89,95.32,82.53,79,27,18.07
322,Stokmarknes,NO,2020-02-19 05:57:57,68.56,14.91,28.4,63,75,5.82
323,Riyadh,SA,2020-02-19 05:54:06,24.69,46.72,68.0,30,42,6.93
324,Hirara,JP,2020-02-19 05:57:57,24.8,125.28,68.0,49,20,9.17
325,Qasigiannguit,GL,2020-02-19 05:57:58,68.82,-51.19,3.2,71,100,6.93
326,Whitehorse,CA,2020-02-19 05:55:28,60.72,-135.05,30.2,80,90,24.16
327,Raudeberg,NO,2020-02-19 05:57:58,61.99,5.14,37.99,93,75,10.29
328,Casper,US,2020-02-19 05:57:58,42.87,-106.31,10.99,84,1,11.41
329,Cabrero,CL,2020-02-19 05:57:59,-37.03,-72.4,60.8,67,0,12.75
330,Half Moon Bay,US,2020-02-19 05:57:23,37.46,-122.43,52.0,85,1,7.45
331,Qui Nhon,VN,2020-02-19 05:53:52,13.77,109.23,78.44,66,13,12.68
332,Tessalit,ML,2020-02-19 05:58:00,20.2,1.01,63.55,19,17,14.07
333,Tarakan,ID,2020-02-19 05:58:00,3.3,117.63,86.67,63,13,10.11
334,Pisco,PE,2020-02-19 05:58:00,-13.7,-76.22,75.99,78,40,3.36
335,Bandarbeyla,SO,2020-02-19 05:58:00,9.49,50.81,77.25,79,73,12.19
336,Nemuro,JP,2020-02-19 05:58:01,43.32,145.57,30.2,58,75,9.17
337,Moranbah,AU,2020-02-19 05:58:01,-22.0,148.05,96.6,35,3,9.53
338,Hovd,MN,2020-02-19 05:58:01,48.01,91.64,17.76,31,0,2.19
339,Los Llanos De Aridane,ES,2020-02-19 05:58:02,28.66,-17.92,64.4,72,90,12.75
340,Pedernales,DO,2020-02-19 05:58:02,18.04,-71.74,66.79,82,0,6.44
341,Samdari,IN,2020-02-19 05:58:02,25.82,72.58,85.12,9,84,9.04
342,Vila Velha,BR,2020-02-19 05:58:02,-20.33,-40.29,77.0,94,75,3.36
343,Mandiana,GN,2020-02-19 05:58:03,10.63,-8.68,65.86,16,0,1.32
344,Chuy,UY,2020-02-19 05:58:03,-33.7,-53.46,64.62,92,14,6.17
345,Macusani,PE,2020-02-19 05:58:03,-14.08,-70.43,30.72,97,56,1.43
346,Ulaangom,MN,2020-02-19 05:58:03,49.98,92.07,-2.29,96,100,3.98
347,Churapcha,RU,2020-02-19 05:58:03,62.0,132.43,-10.5,90,100,3.27
348,Tevriz,RU,2020-02-19 05:58:04,57.51,72.4,27.18,92,94,9.31
349,Ternate,ID,2020-02-19 05:58:04,0.8,127.4,80.64,74,97,4.21
350,Dinar,TR,2020-02-19 05:58:04,38.06,30.17,32.0,92,0,4.7
351,Gamba,GA,2020-02-19 05:58:04,-2.65,10.0,77.34,88,3,2.82
352,Loa Janan,ID,2020-02-19 05:58:04,-0.58,117.09,93.76,45,74,4.23
353,Vilyuysk,RU,2020-02-19 05:58:05,63.76,121.62,-4.77,96,86,4.7
354,Zongolica,MX,2020-02-19 05:58:05,18.67,-96.98,53.26,67,0,1.57
355,Oshawa,CA,2020-02-19 05:55:36,43.9,-78.85,34.0,85,90,14.99
356,Baruun-Urt,MN,2020-02-19 05:58:05,46.68,113.28,12.24,74,17,2.3
357,Mattru,SL,2020-02-19 05:58:06,7.62,-11.83,75.24,92,11,3.36
358,Atambua,ID,2020-02-19 05:58:06,-9.11,124.89,82.17,78,71,6.78
359,Poum,NC,2020-02-19 05:58:06,-20.23,164.02,80.38,79,1,19.13
360,Makakilo City,US,2020-02-19 05:58:06,21.35,-158.09,73.4,83,90,6.93
361,Forio,IT,2020-02-19 05:58:07,40.73,13.86,53.6,93,40,1.12
362,Acapulco,MX,2020-02-19 05:56:14,16.86,-99.89,78.8,65,5,2.24
363,Borujerd,IR,2020-02-19 05:58:07,33.9,48.75,51.8,76,40,2.24
364,Shebalino,RU,2020-02-19 05:58:07,51.29,85.68,19.65,66,100,12.06
365,Danjiangkou,CN,2020-02-19 05:58:07,32.54,111.51,61.47,32,65,2.37
366,Tarrafal,CV,2020-02-19 05:58:08,15.28,-23.77,77.0,36,100,19.46
367,Shenjiamen,CN,2020-02-19 05:58:08,29.96,122.3,48.38,64,0,9.66
368,Mezen,RU,2020-02-19 05:58:08,65.85,44.24,30.51,98,100,2.06
369,Yichun,CN,2020-02-19 05:58:08,47.7,128.9,16.5,67,60,12.1
370,Kholtoson,RU,2020-02-19 05:58:09,50.3,103.31,19.56,64,66,1.14
371,Cloquet,US,2020-02-19 05:58:09,46.72,-92.46,3.2,64,1,12.75
372,Leiria,PT,2020-02-19 05:58:09,39.74,-8.81,44.01,93,0,2.24
373,Katherine,AU,2020-02-19 05:56:35,-14.47,132.27,96.8,47,26,10.29
374,Ambovombe,MG,2020-02-19 05:58:09,-25.17,46.08,86.77,52,86,7.4
375,Kosino,RU,2020-02-19 05:58:10,58.41,51.28,32.85,99,100,9.75
376,Groa,NO,2020-02-19 05:58:10,62.65,8.72,35.6,93,75,8.05
377,Halifax,CA,2020-02-19 05:56:11,44.65,-63.57,36.0,97,90,20.8
378,Inirida,CO,2020-02-19 05:58:10,3.87,-67.92,73.74,97,21,1.74
379,Lamu,KE,2020-02-19 05:58:10,-2.27,40.9,81.64,83,0,10.02
380,Ukiah,US,2020-02-19 05:55:26,39.15,-123.21,46.99,61,1,2.1
381,Esna,EG,2020-02-19 05:58:11,25.29,32.55,57.2,67,44,4.7
382,Pietersburg,ZA,2020-02-19 05:58:11,-23.9,29.47,64.4,88,5,3.36
383,Dengzhou,CN,2020-02-19 05:58:11,37.81,120.75,41.11,63,20,5.37
384,Porto Seguro,BR,2020-02-19 05:58:12,-16.45,-39.06,78.8,83,40,6.93
385,Huanren,CN,2020-02-19 05:58:12,41.26,125.37,26.38,82,100,1.5
386,Harper,LR,2020-02-19 05:55:50,4.38,-7.72,75.67,94,0,1.79
387,Atar,MR,2020-02-19 05:58:12,20.52,-13.05,71.06,14,75,11.01
388,Mayo,US,2020-02-19 05:58:12,38.89,-76.51,54.0,87,75,3.36
389,Nishihara,JP,2020-02-19 05:58:12,26.18,127.76,68.0,45,75,11.41
390,Aklavik,CA,2020-02-19 05:58:13,68.22,-135.01,15.8,66,20,8.05
391,Port Hedland,AU,2020-02-19 05:58:13,-20.32,118.57,96.8,44,9,12.75
392,Conceicao Do Araguaia,BR,2020-02-19 05:54:06,-8.26,-49.26,73.4,100,20,2.24
393,Sitka,US,2020-02-19 05:57:00,57.05,-135.33,42.8,60,90,19.46
394,Panacan,PH,2020-02-19 05:58:13,9.25,118.41,89.6,59,75,23.04
395,Pochutla,MX,2020-02-19 05:58:14,15.74,-96.47,81.72,70,0,8.68
396,Yumen,CN,2020-02-19 05:58:14,40.28,97.2,34.32,29,83,13.98
397,Cabra,ES,2020-02-19 05:58:14,37.47,-4.44,54.0,93,88,1.12
398,Bloemfontein,ZA,2020-02-19 05:58:14,-29.12,26.21,64.4,93,90,2.24
399,Naranjal,EC,2020-02-19 05:58:14,-2.67,-79.62,82.4,69,40,11.41
400,Valdemarpils,LV,2020-02-19 05:58:15,57.37,22.59,41.0,93,90,16.11
401,Lixourion,GR,2020-02-19 05:58:15,38.2,20.43,51.8,87,40,9.73
402,Burgeo,CA,2020-02-19 05:57:03,47.62,-57.62,27.23,72,100,21.65
403,Verkhnyaya Inta,RU,2020-02-19 05:58:15,65.98,60.31,32.86,97,100,16.2
404,Olafsvik,IS,2020-02-19 05:58:15,64.89,-23.71,32.16,66,51,11.59
405,Yar-Sale,RU,2020-02-19 05:58:16,66.83,70.83,23.5,91,35,13.11
406,Dongsheng,CN,2020-02-19 05:58:16,39.82,109.98,34.57,23,0,6.82
407,Tuy Hoa,VN,2020-02-19 05:58:16,13.08,109.3,75.27,80,21,19.22
408,Turkistan,KZ,2020-02-19 05:58:16,43.0,68.0,34.03,47,0,6.22
409,Krasnoborsk,RU,2020-02-19 05:58:16,61.56,45.93,33.94,97,100,9.08
410,Zhashkiv,UA,2020-02-19 05:58:17,49.25,30.11,34.72,91,0,6.87
411,Zhigansk,RU,2020-02-19 05:58:17,66.77,123.37,-14.67,96,100,13.71
412,Sola,VU,2020-02-19 05:58:17,-13.88,167.55,83.8,72,74,4.5
413,Ubinskoye,RU,2020-02-19 05:58:18,55.31,79.68,23.72,92,100,15.41
414,Isangel,VU,2020-02-19 05:58:18,-19.55,169.27,86.0,70,75,9.17
415,Ust-Kulom,RU,2020-02-19 05:58:18,61.69,53.69,33.1,98,100,10.2
416,Lianzhou,CN,2020-02-19 05:58:18,24.78,112.38,60.87,48,42,4.65
417,Noumea,NC,2020-02-19 05:58:19,-22.28,166.46,87.8,55,40,14.99
418,Paamiut,GL,2020-02-19 05:58:19,61.99,-49.67,6.96,70,91,9.71
419,Broome,US,2020-02-19 05:58:19,42.25,-75.83,36.0,69,90,12.75
420,Lincoln,US,2020-02-19 05:55:00,40.8,-96.67,30.2,92,40,9.17
421,Jumilla,ES,2020-02-19 05:58:20,38.48,-1.32,55.99,87,90,4.7
422,Sahuaripa,MX,2020-02-19 05:58:20,29.05,-109.23,58.6,42,100,3.94
423,Cap Malheureux,MU,2020-02-19 05:58:20,-19.98,57.61,82.99,65,20,9.17
424,Penzance,GB,2020-02-19 05:55:39,50.12,-5.54,48.99,81,100,12.75
425,Sakakah,SA,2020-02-19 05:58:20,29.97,40.21,51.8,87,40,3.36
426,Tupiza,BO,2020-02-19 05:58:21,-21.45,-65.72,53.49,79,100,7.67
427,Aykhal,RU,2020-02-19 05:56:27,66.0,111.5,5.0,84,90,6.71
428,Rosetown,CA,2020-02-19 05:58:21,51.55,-108.0,-16.01,80,0,4.88
429,Valdivia,CL,2020-02-19 05:58:21,-39.81,-73.25,48.2,93,8,2.24
430,Peniche,PT,2020-02-19 05:58:22,39.36,-9.38,50.0,70,0,8.05
431,Marsh Harbour,BS,2020-02-19 05:58:22,26.54,-77.06,74.95,81,65,16.11
432,Petropavlovsk-Kamchatskiy,RU,2020-02-19 05:58:22,53.05,158.65,21.2,41,0,2.24
433,Dolores,AR,2020-02-19 05:58:22,-36.31,-57.68,57.09,92,0,4.09
434,Kargasok,RU,2020-02-19 05:58:22,59.06,80.86,24.26,92,100,14.18
435,Pangnirtung,CA,2020-02-19 05:58:23,66.15,-65.71,-30.26,96,100,2.51
436,Smithers,CA,2020-02-19 05:54:43,54.78,-127.17,19.4,92,1,2.59
437,Dallas,US,2020-02-19 05:54:11,32.77,-96.78,52.0,66,90,8.05
438,Kushmurun,KZ,2020-02-19 05:58:23,52.45,64.63,31.6,82,100,20.4
439,Coahuayana,MX,2020-02-19 05:58:23,18.73,-103.68,70.95,39,0,3.98
440,Dubbo,AU,2020-02-19 05:53:56,-32.25,148.62,78.8,31,0,18.34
441,Nusaybin,TR,2020-02-19 05:58:24,37.08,41.22,51.8,93,90,16.11
442,Campbell River,CA,2020-02-19 05:58:24,50.02,-125.24,32.0,100,5,4.7
443,Juliaca,PE,2020-02-19 05:58:24,-15.5,-70.13,40.78,83,94,3.65
444,Aksarka,RU,2020-02-19 05:58:24,66.56,67.8,27.05,88,57,14.36
445,Kortkeros,RU,2020-02-19 05:58:25,61.81,51.58,37.4,98,75,8.95
446,Harnosand,SE,2020-02-19 05:58:25,62.63,17.94,35.01,100,85,3.36
447,Sereflikochisar,TR,2020-02-19 05:58:25,38.94,33.54,35.53,69,0,5.19
448,Khovu-Aksy,RU,2020-02-19 05:58:26,51.13,93.6,12.9,82,98,3.91
449,Cayenne,GF,2020-02-19 05:58:26,4.93,-52.33,80.6,69,75,11.41
450,Boguchany,RU,2020-02-19 05:58:26,58.38,97.45,21.76,87,100,7.38
451,Key West,US,2020-02-19 05:55:16,24.56,-81.78,80.6,83,90,13.87
452,Rio Grande,BR,2020-02-19 05:54:54,-32.03,-52.1,71.15,74,12,10.33
453,Minakuchi,JP,2020-02-19 05:58:27,34.97,136.17,53.01,53,75,17.22
454,Port Moresby,PG,2020-02-19 05:58:28,-9.44,147.18,91.4,66,40,20.8
455,Marovoay,MG,2020-02-19 05:58:28,-16.1,46.63,80.6,88,40,4.7
456,Gornopravdinsk,RU,2020-02-19 05:58:29,60.05,69.9,31.66,93,100,11.54
457,Phalombe,MW,2020-02-19 05:58:29,-15.81,35.65,74.23,85,85,2.08
458,Saint Pete Beach,US,2020-02-19 05:58:29,27.73,-82.74,72.0,88,40,1.25
459,Port-Cartier,CA,2020-02-19 05:58:29,50.03,-66.87,21.2,85,90,11.41
460,Hohhot,CN,2020-02-19 05:58:29,40.81,111.65,37.4,25,7,6.71
461,Bara,NG,2020-02-19 05:58:30,10.37,10.73,62.98,27,33,5.28
462,Sayat,TM,2020-02-19 05:58:30,38.78,63.88,32.0,41,0,4.7
463,Mattawa,US,2020-02-19 05:58:30,46.74,-119.9,35.01,68,1,1.54
464,Saint-Augustin,CA,2020-02-19 05:58:30,51.23,-58.65,19.36,83,83,13.2
465,Fillan,NO,2020-02-19 05:58:30,63.61,8.97,34.0,86,75,3.36
466,Sovetskiy,RU,2020-02-19 05:58:31,61.36,63.58,29.82,86,9,11.18
467,Grenaa,DK,2020-02-19 05:58:31,56.42,10.88,39.2,93,100,8.05
468,Ballina,AU,2020-02-19 05:58:31,-28.87,153.57,96.01,62,0,16.11
469,Wagar,SD,2020-02-19 05:58:31,16.15,36.2,75.04,19,34,10.33
470,Valleyview,CA,2020-02-19 05:58:31,55.07,-117.29,15.69,92,0,3.96
471,Las Vegas,US,2020-02-19 05:57:01,36.17,-115.14,53.6,31,1,3.36
472,Junction City,US,2020-02-19 05:58:03,39.03,-96.83,28.0,73,1,5.14
473,Castelldefels,ES,2020-02-19 05:58:32,41.28,1.97,48.0,75,20,11.41
474,Kamaishi,JP,2020-02-19 05:58:32,39.27,141.88,41.0,52,75,9.17
475,Bayanday,RU,2020-02-19 05:58:32,53.07,105.51,15.75,84,85,2.75
476,Homer,US,2020-02-19 05:58:33,59.64,-151.55,32.0,93,90,4.7
477,Svetlaya,RU,2020-02-19 05:58:33,46.54,138.33,21.94,65,49,3.31
478,Marzuq,YE,2020-02-19 05:58:33,14.4,46.47,76.77,24,0,2.55
479,Rio Negro,BR,2020-02-19 05:58:33,-26.11,-49.8,69.01,87,96,7.0
480,Constitucion,CL,2020-02-19 05:58:34,-35.33,-72.42,59.0,69,0,5.19
481,Moss Vale,AU,2020-02-19 05:58:34,-34.55,150.38,79.0,36,40,10.29
482,Gunjur,GM,2020-02-19 05:58:34,13.2,-16.73,73.4,49,19,6.93
483,Kralendijk,BQ,2020-02-19 05:58:35,12.15,-68.27,78.8,83,0,18.34
484,Amnat Charoen,TH,2020-02-19 05:58:35,15.86,104.63,84.99,41,9,9.01
485,Progreso,MX,2020-02-19 05:58:35,21.28,-89.67,79.0,69,5,10.29
486,Abrau-Dyurso,RU,2020-02-19 05:58:36,44.69,37.59,33.8,100,0,2.24
487,Xinqing,CN,2020-02-19 05:58:36,48.23,129.5,16.38,69,100,10.22
488,Chaman,PK,2020-02-19 05:58:37,30.92,66.45,45.21,60,0,13.02
489,Yerbogachen,RU,2020-02-19 05:58:37,61.28,108.01,9.99,92,100,7.36
490,Yorosso,ML,2020-02-19 05:58:37,12.35,-4.78,70.84,15,1,7.67
491,Ahuimanu,US,2020-02-19 05:58:09,21.44,-157.84,73.4,83,90,6.93
492,San Jeronimo,PE,2020-02-19 05:58:38,-11.95,-75.28,42.21,90,100,1.36
493,Vigia Del Fuerte,CO,2020-02-19 05:58:38,6.58,-76.89,75.94,95,25,3.38
494,Simao,CN,2020-02-19 05:58:38,22.79,100.97,71.46,27,2,7.43
495,Maceio,BR,2020-02-19 05:58:39,-9.67,-35.74,75.2,94,40,3.36
496,Ondjiva,AO,2020-02-19 05:58:39,-17.07,15.73,70.72,48,95,4.29
497,Redmond,US,2020-02-19 05:55:03,47.67,-122.12,39.99,100,1,2.35
498,Bahir Dar,ET,2020-02-19 05:58:40,11.59,37.39,71.96,46,17,4.29
499,Agirish,RU,2020-02-19 05:58:40,61.92,63.02,30.34,86,67,11.18
500,Guarapari,BR,2020-02-19 05:58:40,-20.67,-40.5,77.0,94,75,3.36
501,Erdaojiang,CN,2020-02-19 05:58:41,41.78,126.03,26.26,79,56,5.26
502,Beira,MZ,2020-02-19 05:58:41,-19.84,34.84,83.07,73,18,10.16
503,Iberia,US,2020-02-19 05:58:42,29.95,-91.75,69.8,100,90,8.1
504,Berestechko,UA,2020-02-19 05:58:42,50.36,25.11,33.87,90,0,7.9
505,Butzow,DE,2020-02-19 05:58:42,53.85,11.98,42.8,75,75,13.87
506,Haimen,CN,2020-02-19 05:58:42,23.19,116.61,62.6,36,0,4.47
507,Hope,US,2020-02-19 05:58:43,33.67,-93.59,46.0,87,90,13.87
508,Vostok,RU,2020-02-19 05:58:28,46.49,135.88,13.68,89,100,9.57
509,Gornyatskiy,RU,2020-02-19 05:58:43,48.29,40.96,32.7,90,0,5.66
510,Afsin,TR,2020-02-19 05:58:43,38.25,36.91,27.34,98,100,4.99
511,Yilan,TW,2020-02-19 05:58:44,24.76,121.75,73.4,49,40,6.93
512,Barabash,RU,2020-02-19 05:58:44,43.2,131.48,33.8,31,31,6.71
513,Pierre,US,2020-02-19 05:54:12,44.37,-100.35,3.99,84,75,3.27
514,Maryborough,AU,2020-02-19 05:58:39,-25.53,152.7,89.01,61,28,8.34
515,Baykit,RU,2020-02-19 05:58:45,61.67,96.37,17.82,86,96,8.34
516,Mozarlandia,BR,2020-02-19 05:58:45,-14.74,-50.57,73.2,93,100,8.99
517,Hay River,CA,2020-02-19 05:58:45,60.82,-115.8,-2.2,70,40,6.93
518,Yatou,CN,2020-02-19 05:58:45,37.15,122.38,44.01,48,91,13.82
519,Bull Savanna,JM,2020-02-19 05:58:45,17.89,-77.59,67.95,93,8,5.5
520,Ust-Nera,RU,2020-02-19 05:58:46,64.57,143.2,-18.67,100,98,1.77
521,Russkiy Kameshkir,RU,2020-02-19 05:58:46,52.86,46.09,32.81,98,100,10.47
522,Muros,ES,2020-02-19 05:58:46,42.78,-9.06,48.0,100,20,2.13
523,Port Macquarie,AU,2020-02-19 05:56:53,-31.43,152.92,93.99,61,4,11.41
524,Huainan,CN,2020-02-19 05:58:47,32.63,117.0,54.34,42,100,3.87
525,Hofn,IS,2020-02-19 05:58:47,64.25,-15.21,40.17,80,100,23.91
526,Snasa,NO,2020-02-19 05:58:48,64.25,12.38,28.4,92,99,3.0
527,Caravelas,BR,2020-02-19 05:58:48,-17.71,-39.25,79.7,81,10,12.44
528,Chegdomyn,RU,2020-02-19 05:58:48,51.12,133.02,12.56,88,100,2.33
529,Segovia,ES,2020-02-19 05:58:49,41.17,-4.0,35.01,73,0,2.17
530,Khani,GE,2020-02-19 05:58:49,41.96,42.96,51.8,43,0,13.87
531,Ipixuna,BR,2020-02-19 05:58:49,-1.76,-48.8,75.2,100,97,2.24
532,Los Alamos,US,2020-02-19 05:58:49,35.89,-106.31,37.0,74,90,13.87
533,Rawson,AR,2020-02-19 05:58:49,-43.3,-65.1,62.96,48,51,28.03
534,Te Anau,NZ,2020-02-19 05:58:50,-45.42,167.72,58.01,71,67,4.79
535,Chipinge,ZW,2020-02-19 05:58:50,-20.19,32.62,73.36,76,0,1.07
536,Flinders,AU,2020-02-19 05:58:51,-34.58,150.86,82.99,36,40,10.29
